{
  "thong_tin": {
    "precision": 0.0,
    "recall": 0.0,
    "f1-score": 0.0,
    "support": 53,
    "confused_with": {}
  },
  "giang vien": {
    "precision": 0.9682539682539683,
    "recall": 1.0,
    "f1-score": 0.9838709677419354,
    "support": 61,
    "confused_with": {}
  },
  "micro avg": {
    "precision": 0.9682539682539683,
    "recall": 0.5350877192982456,
    "f1-score": 0.6892655367231639,
    "support": 114
  },
  "macro avg": {
    "precision": 0.48412698412698413,
    "recall": 0.5,
    "f1-score": 0.4919354838709677,
    "support": 114
  },
  "weighted avg": {
    "precision": 0.5181008075744917,
    "recall": 0.5350877192982456,
    "f1-score": 0.5264572722127899,
    "support": 114
  }
}